ID,Target
ID_05YSXSLU2Q,0
ID_0BX5DYZD39,0
ID_0YPJON1GHW,0
ID_1EB0DGFP07,0
ID_1LU1GQKRM6,0
ID_1P7PJMPV0R,0
ID_1W0Z7Z03FA,0
ID_1WVH8KPA4T,0
ID_2KSUJ32FOL,0
ID_2M9MQZF3S8,0
ID_342CVK5J6Z,0
ID_37BB87PFZX,0
ID_38AT499617,0
ID_40LK1INKRI,0
ID_4MCV3S8MLN,0
ID_4NPSIR5L53,0
ID_4T5Z9ZTC6P,0
ID_51G99BK65O,0
ID_5GEMKEGKNX,0
ID_5GUVM4YEWZ,0
ID_6IEENAY3DS,0
ID_844T2PSXTK,0
ID_8B1D1TUTFA,0
ID_8F5APW38G5,0
ID_8JC15PNP3Q,0
ID_9B20TXNIDK,0
ID_A24LGY5Y0E,0
ID_AM0EUMQBC3,0
ID_BWVRXVQE9Q,0
ID_BYHBV61AFG,0
ID_C7RM8J7UGT,0
ID_C97E7TZDX3,0
ID_CBH917UZP2,0
ID_D6C9N2X295,0
ID_EAD732W3XX,0
ID_EFLNDZMQJR,0
ID_ERYI944XVK,0
ID_F4GWV685E7,0
ID_F9R1A6KS3O,0
ID_FCHHTWBXW4,0
ID_FOFNOQ7YTE,0
ID_FY51KPFY9N,0
ID_G7BYL7V20J,0
ID_GNWSJY4XMI,0
ID_GPC7YS3JG8,0
ID_GSDA622T4C,0
ID_HKXOGZ7785,0
ID_I851CU985B,0
ID_I8NU7NS04A,0
ID_IEPBTPUJ9C,0
ID_IEX6OQA1L4,0
ID_IGGXMA9GZH,0
ID_IRMB06E0A6,0
ID_JH01F8GPC2,0
ID_JT0SG47X0A,0
ID_KUQ56NHKRC,0
ID_KYV7TLA3TL,0
ID_L7441JV5F3,0
ID_LSCO1MRIBD,0
ID_MAHNTU9MKC,0
ID_MDU5TNIU9G,0
ID_MEW6189J1B,0
ID_NEU20PLXQK,0
ID_NTFSOIOEOG,0
ID_O33P1CNAGW,0
ID_O51NFCIH9G,0
ID_O894D7M0VU,0
ID_OGRFKUPW5Q,0
ID_PVMLBTN01X,0
ID_Q9RFM0OUQ8,0
ID_QJMFRH0157,0
ID_QU7GKMVBF5,0
ID_QYF2KWKMS1,0
ID_QYZPVN14N6,0
ID_R1C9OFX6LP,0
ID_R9RDU5P8UO,0
ID_S2N80V8XI0,0
ID_S5XH2N7HHU,0
ID_TBVYNNOWBH,0
ID_TH9HRUXGTP,0
ID_UC4GARG8G5,0
ID_UJCCC7ZXWL,0
ID_VJNZBBWW6L,0
ID_VT67F721DQ,0
ID_X3QD1XNWP5,0
ID_X8Y2E1PZA4,0
ID_YJT3TZHN4Q,0
ID_YN7969NO6H,0
ID_Z0UH9479AB,0
ID_ZZMOO06PHG,0
